id,anio,mes,id_suficiencia,id_comprometido,id_devengado,id_dgeneral,id_dauxiliar,partida_clave,folio,dependencia,concepto,importe,entrego_comprometido,entrego_devengado,fecha_entrega_tesoreria,fecha_recibido_presupuesto,estatus,observaciones,creado_por,creado_en,actualizado_en
,2026,1,,,,,,1322,01-01,ADMINISTRACION,AGUINALDO,83684.64,true,true,16/01/2026,16/01/2026,ENTREGADO,,,,
,2026,1,,,,,,3611,01-02,COMUNICACIÓN SOCIAL,GASTOS DE PUBLICIDAD Y PROPAGANDA,386666.66,true,true,19/01/2026,20/01/2026,ENTREGADO,,,,
,2026,1,,,,,,3151,01-03,SEGURIDAD PUBLICA,SERVICIOS DE TELEFONIA CELULAR,2227200,true,true,19/01/2026,20/01/2026,ENTREGADO,TELEFONIA CELULAR,,,
,2026,1,,,,,,3151,01-03   D-01,SEGURIDAD PUBLICA,SERVICIOS DE TELEFONIA CELULAR,29483.26,false,true,19/01/2026,20/01/2026,ENTREGADO,,,,
,2026,1,,,,,,3151,01-03  D-02,SEGURIDAD PUBLICA,SERVICIOS DE TELEFONIA CELULAR,65803.29,false,true,19/01/2026,20/01/2026,ENTREGADO,,,,
,2026,1,,,,,,3151,01-03  D-03,SEGURIDAD PUBLICA,SERVICIOS DE TELEFONIA CELULAR,13973.04,false,true,11/02/2026,12/02/2026,ENTREGADO,,,,
,2026,1,,,,,,3151,01-03  D-04,SEGURIDAD PUBLICA,SERVICIOS DE TELEFONIA CELULAR,74661.04,false,true,11/02/2026,12/02/2026,ENTREGADO,,,,
,2026,1,,,,,,3151,01-03  D-05,SEGURIDAD PUBLICA,SERVICIOS DE TELEFONIA CELULAR,75193.01,false,true,13/03/2026,17/03/2026,ENTREGADO,,,,
,2026,1,,,,,,3151,01-03  D-06,SEGURIDAD PUBLICA,SERVICIOS DE TELEFONIA CELULAR,15492.06,false,true,13/03/2026,17/03/2026,ENTREGADO,,,,
,2026,1,,,,,,1322,01-04,ADMINISTRACION,AGUINALDO                                                    1321 PRIMA VACACIONAL,15305.67,true,true,19/01/2026,20/01/2026,ENTREGADO,,,,
,2026,1,,,,,,1322,01-05,ADMINISTRACION,AGUINALDO                                                    1321 PRIMA VACACIONAL,20929.39,true,true,19/01/2026,20/01/2026,ENTREGADO,,,,
,2026,1,,,,,,3112,01-06,SERVICIOS PUBLICOS,SERVICIO DE ENERGIA ELECTRICA PARA ALUMBRADO PUBLICO,16988337.67,true,true,19/01/2026,20/01/2026,ENTREGADO,,,,
,2026,1,,,,,,4411,01-07,BIENESTAR,COOPERACIONES Y AYUDAS,6500,true,true,19/01/2026,19/01/2026,ENTREGADO,,,,
,2026,1,,,,,,4411,01-08,BIENESTAR,COOPERACIONES Y AYUDAS,10000,true,true,19/01/2026,19/01/2026,ENTREGADO,,,,
,2026,1,,,,,,3311,01-09,CONTRALORIA,ASESORIAS ASOCIADAS A CONVENIOS O ACUERDOS,10000.01,true,true,19/01/2026,20/01/2026,ENTREGADO,,,,
,2026,1,,,,,,3311,01-10,CONTRALORIA,ASESORIAS ASOCIADAS A CONVENIOS O ACUERDOS,10000.01,true,true,19/01/2026,20/01/2026,ENTREGADO,,,,
,2026,1,,,,,,3311,01-11,CONTRALORIA,ASESORIAS ASOCIADAS A CONVENIOS O ACUERDOS,20000.94,true,true,19/01/2026,20/01/2026,ENTREGADO, ,,,
,2026,1,,,,,,3121,01-12,SEGURIDAD PUBLICA,GAS,80000,true,false,21/02/2026,21/12/2026,ENTREGADO,,,,
,2026,1,,,,,,3121,01-12  D-01,SEGURIDAD PUBLICA,GAS,3728.77,false,true,04/02/2026,05/02/2026,ENTREGADO,,,,
,2026,1,,,,,,4394,01-13,SEGURIDAD PUBLICA,OTROS SUBSIDIOS,1100500,true,true,21/12/2026,21/12/2026,CANCELADO,,,,
,2026,1,,,,,,3611,01-14,COMUNICACIÓN SOCIAL,GASTOS DE PUBLICIDAD Y PROPAGANDA,714096,true,true,23/01/2026,23/01/2026,ENTREGADO,,,,
,2026,1,,,,,,2611,01-15,ADMINISTRACION,"COMBUSTIBLES, LUBRICANTES Y ADITIVOS",369848300,true,false,23/01/2026,23/01/2026,ENTREGADO,,,,
,2026,1,,,,,,2611,01-16,ADMINISTRACION,"COMBUSTIBLES, LUBRICANTES Y ADITIVOS",29987700,true,false,23/01/2026,23/01/2026,CANCELADO,,,,
,2026,1,,,,,,3331,01-17,"TESORERIA MUNICIPAL                                       (Saccim, Enero y Febrero)",SERVICIOS INFORMATICOS,466900,true,false,23/01/2026,23/01/2026,ENTREGADO,SACCIM-ENERO Y FEBRERO,,,
,2026,1,,,,,,3221,01-18,TESORERIA MUNICIPAL,ARRENDAMIENTO DE EDIFICIOS Y LOCALES,11303.39,true,true,23/01/2026,23/01/2026,ENTREGADO,,,,
,2026,1,,,,,,2211,01-19,SEGURIDAD PUBLICA,PRODUCTOS ALIMENTICIOS PARA PERSONAS,7976000,true,false,23/01/2026,23/01/2026,ENTREGADO,,,,
,2026,1,,,,,,2211,01-20,SEGURIDAD PUBLICA,PRODUCTOS ALIMENTICIOS PARA PERSONAS,688344,true,false,23/01/2026,23/01/2026,ENTREGADO,,,,
,2026,1,,,,,,3221,01-21,ADMINISTRACION,ARRENDAMIENTO DE EDIFICIOS Y LOCALES,116000,true,false,23/01/2026,23/01/2026,ENTREGADO,,,,
,2026,1,,,,,,3221,01-21  D-01,ADMINISTRACION,ARRENDAMIENTO DE EDIFICIOS Y LOCALES,29000,false,true,11/02/2026,12/02/2026,ENTREGADO,,,,
,2026,1,,,,,,3221,01-21  D-02,ADMINISTRACION,ARRENDAMIENTO DE EDIFICIOS Y LOCALES,29000,false,true,09/03/2026,10/03/2026,ENTREGADO,,,,
,2026,1,,,,,,3111,01-22,DIRECCION DE SALUD,SERVICIO DE ENERGIA ELECTRICA,53760,true,true,23/01/2026,23/01/2026,ENTREGADO,,,,
,2026,1,,,,,,3941,01-23,JURIDICO DE TESORERIA,SENTENCIAS Y RESOLUCIONES JUDICIALES,6240,true,true,23/01/2026,23/01/2026,ENTREGADO,,,,
,2026,1,,,,,,3261,01-24,SERVICIOS PUBLICOS,ARRENDAMIENTO DE MAQUINARUA Y EQUIPO,250560,true,true,23/01/2026,23/01/2026,ENTREGADO,,,,
,2026,1,,,,,,4411,01-25,BIENESTAR,COOPERACIONES Y AYUDAS,482560,true,true,23/01/2026,23/01/2026,CANCELADO,,,,
,2026,1,,,,,,2611,01-26,OBRAS PUBLICAS,"COMBUSTIBLES, LUBRICANTES Y ADITIVOS",99392.31,true,true,26/01/2026,26/01/2026,CANCELADO,,,,
,2026,1,,,,,,3611,01-28,COMUNICACIÓN SOCIAL,GASTOS DE PUBLICIDAD Y PROPAGANDA,6960000,true,false,26/01/2026,26/01/2026,ENTREGADO,ORLANDO,,,
,2026,1,,,,,,1522,01-29,CONSEJERIA JURIDICA,LIQUIDACION POR INDEMNIZACION POR SUELDOS Y SALARIOS CAIDOS,343966.72,true,true,26/01/2026,26/01/2026,ENTREGADO,,,,
,2026,1,,,,,,3941,01-30,CONSEJERIA JURIDICA,SENTENCIAS Y RESOLUCIONES JUDICIALES,1000000,true,true,26/01/2026,26/01/2026,ENTREGADO,,,,
,2026,1,,,,,,1522,01-31,CONSEJERIA JURIDICA,LIQUIDACION POR INDEMNIZACION POR SUELDOS Y SALARIOS CAIDOS,1471832.43,true,true,26/01/2026,26/01/2026,ENTREGADO,,,,
,2026,1,,,,,,3941,01-32,JURIDICO DE TESORERIA,SENTENCIAS Y RESOLUCIONES JUDICIALES,3911.97,true,true,26/01/2026,26/01/2026,ENTREGADO,,,,
,2026,1,,,,,,3362,01-33,SECRETARIA DEL H. AYUNTAMIENTO,IMPRESIÓN DE DOCUMENTOS OFICIALES PARA PRESENTACION DE SERVICIOS PUBLICOS,850000,true,true,26/01/2026,26/01/2026,ENTREGADO,,,,
,2026,1,,,,,,3362,01-34,SECRETARIA DEL H. AYUNTAMIENTO,IMPRESIÓN DE DOCUMENTOS OFICIALES PARA PRESENTACION DE SERVICIOS PUBLICOS,194594,true,true,26/01/2026,26/01/2026,ENTREGADO,,,,
,2026,1,,,,,,3612,01-35,ADMINISTRACION,PUBLICACIONES OFICIALES,17400,true,true,26/01/2026,26/01/2026,ENTREGADO,,,,
,2026,1,,,,,,3612,01-36,ADMINISTRACION,PUBLICACIONES OFICIALES,17400,true,true,26/01/2026,26/01/2026,ENTREGADO,,,,
,2026,1,,,,,,3311,01-37,TESORERIA MUNICIPAL,ASESORIAS ASOCIADAS A CONVENIOS O ACUERDOS,6960000,true,false,29/01/2026,29/01/2026,ENTREGADO,,,,
,2026,1,,,,,,2721,01-38,SERVICIOS PUBLICOS,PRENDAS DE SEGURIDAD Y PROTECCION PERSONAL,2900000,true,false,29/01/2026,29/01/2026,ENTREGADO,,,,
,2026,1,,,,,,3231,01-39,COORDINACION TECNICA ,SERVICIOS INFORMATICOS,229902.27,true,false,29/01/2026,29/01/2026,ENTREGADO,ANITA,,,
,2026,1,,,,,,3941,01-40,JURIDICO DE TESORERIA,SENTENCIAS Y RESOLUCIONES JUDICIALES,5000,true,true,29/01/2026,29/01/2026,ENTREGADO,,,,
,2026,1,,,,,,4411,01-41,BIENESTAR,COOPERACIONES Y AYUDAS,2000,true,true,29/01/2026,29/01/2026,ENTREGADO,,,,
,2026,1,,,,,,4411,01-42,BIENESTAR,COOPERACIONES Y AYUDAS,4000,true,true,29/01/2026,29/01/2026,ENTREGADO,,,,
,2026,1,,,,,,3941,01-43,CONSEJERIA JURIDICA,SENTENCIAS Y RESOLUCIONES JUDICIALES,20000,true,true,29/01/2026,29/01/2026,ENTREGADO,,,,
,2026,1,,,,,,4411,01-44,EDUCACION,COOPERACIONES Y AYUDAS,20000,true,true,29/01/2026,29/01/2026,ENTREGADO,,,,
,2026,1,,,,,,3941,01-45,CONSEJERIA JURIDICA,SENTENCIAS Y RESOLUCIONES JUDICIALES,63827.52,true,true,29/01/2026,29/01/2026,ENTREGADO,,,,
,2026,1,,,,,,2611,01-46,SERVICIOS PUBLICOS,"COMBUSTIBLES, LUBRICANTES Y ADITIVOS",102248.43,true,true,31/01/2026,03/02/2026,CANCELADO,,,,
,2026,1,,,,,,2721,01-47,SERVICIOS PUBLICOS,PRENDAS DE SEGURIDAD Y PROTECCION PERSONAL,382800,true,true,31/01/2026,03/02/2026,ENTREGADO,,,,
,2026,1,,,,,,2611,01-48,PROTECCION CIVIL,"COMBUSTIBLES, LUBRICANTES Y ADITIVOS",96280,true,false,31/01/2026,03/02/2026,ENTREGADO,,,,
,2026,1,,,,,,3822,01-49,ADMINISTRACION,ESPECTACULOS CIVICOS Y CULTURALES,2320000,true,true,31/01/2026,03/02/2026,ENTREGADO,ORLANDO  (EVENTO 15 DE SEPTIEMBRE DE LA  CANTANTE LILIA DOWNS),,,
,2026,1,,,,,,2961,01-50,SERVICIOS PUBLICOS,REFACCIONES Y ACCESORIOS MENORES PARA EQUIPO DE TRASPORTE,7045195,true,true,31/01/2026,04/02/2026,CANCELADO,,,,
,2026,1,,,,,,2961,01-51,PROTECCION CIVIL,REFACCIONES Y ACCESORIOS MENORES PARA EQUIPO DE TRASPORTE,399040,true,false,31/01/2026,04/02/2026,ENTREGADO,,,,
,2026,1,,,,,,2961,01-51  D-01,PROTECCION CIVIL,REFACCIONES Y ACCESORIOS MENORES PARA EQUIPO DE TRASPORTE,59252.8,false,true,31/01/2026,04/02/2026,CANCELADO,,,,
,2026,1,,,,,,2961,01-51  D-02,PROTECCION CIVIL,REFACCIONES Y ACCESORIOS MENORES PARA EQUIPO DE TRASPORTE,59252.8,false,true,26/02/2026,26/02/2026,ENTREGADO,,,,
,2026,1,,,,,,3721,01-52,SEGURIDAD PUBLICA,DE TRASLADO POR VIA TERRESTRE,1815.01,true,true,31/01/2026,03/02/2026,ENTREGADO,,,,
,2026,1,,,,,,3721,01-53,SEGURIDAD PUBLICA,DE TRASLADO POR VIA TERRESTRE,1795,true,true,31/01/2026,03/02/2026,ENTREGADO,,,,
,2026,1,,,,,,3721,01-54,SEGURIDAD PUBLICA,DE TRASLADO POR VIA TERRESTRE,1632,true,true,31/01/2026,03/02/2026,ENTREGADO,,,,
,2026,1,,,,,,3721,01-55,SEGURIDAD PUBLICA,DE TRASLADO POR VIA TERRESTRE,1632,true,true,31/01/2026,03/02/2026,ENTREGADO,,,,
,2026,1,,,,,,2961,01-56,SERVICIOS PUBLICOS,REFACCIONES Y ACCESORIOS MENORES PARA EQUIPO DE TRASPORTE,13224,true,true,31/01/2026,04/02/2026,CANCELADO,,,,
,2026,1,,,,,,2911,01-57,SERVICIOS PUBLICOS,"REFACCIONES, ACCESORIOS Y HERRAMIENTAS",50012.24,true,true,31/01/2026,04/02/2026,CANCELADO,,,,
,2026,1,,,,,,5231,01-58,TESORERIA MUNICIPAL                                 (TIC´S),"EQUIPO DE FOTO, CINE Y GRABACION",197594.4,true,true,31/01/2026,04/02/2026,ENTREGADO,,,,
,2026,1,,,,,,2961,01-59,PROTECCION CIVIL,REFACCIONES Y ACCESORIOS MENORES PARA EQUIPO DE TRASPORTE,66607.2,true,true,31/01/2026,04/02/2026,ENTREGADO,,,,
,2026,1,,,,,,3311,01-60,TESORERIA MUNICIPAL                                 (COORDINACION TESORERIA),ASESORIAS ASOCIADAS A CONVENIOS Y ACUERDOS,1740000,true,true,31/01/2026,04/02/2026,ENTREGADO,ORLANDO,,,
,2026,1,,,,,,5231,01-61,COMUNICACIÓN SOCIAL,"EQUIPO DE FOTO, CINE Y GRABACION",256154.68,true,true,31/01/2026,04/02/2026,ENTREGADO,,,,
,2026,1,,,,,,2611,01-62,ADMINISTRACION,"COMBUSTIBLES, LUBRICANTES Y ADITIVOS",32407760,true,false,31/01/2026,09/02/2026,ENTREGADO,GASOLINA,,,
,2026,1,,,,,,2611,01-62  D-01,ADMINISTRACION,"COMBUSTIBLES, LUBRICANTES Y ADITIVOS",32407760,false,true,31/01/2026,09/02/2026,CANCELADO,,,,
,2026,1,,,,,,2611,01-62  D-02,ADMINISTRACION,"COMBUSTIBLES, LUBRICANTES Y ADITIVOS",32374938.07,false,true,11/02/2026,12/02/2026,ENTREGADO,,,,
,2026,1,,,,,,4394,01-63,SEGURIDAD PUBLICA,OTROS SUBSIDIOS,1100500,true,true,31/01/2026,09/02/2026,ENTREGADO,,,,
,2026,1,,,,,,4411,01-64,BIENESTAR,COOPERACIONES Y AYUDAS,105220000,true,false,11/02/2026,12/02/2026,ENTREGADO,ORLANDO,,,
,2026,1,,,,,,4411,01-65,BIENESTAR,COOPERACIONES Y AYUDAS,6365810,true,true,11/02/2026,12/02/2026,ENTREGADO,ORLANDO,,,
,2026,1,,,,,,3721,01-66,SEGURIDAD PUBLICA,GASTOS  DE TRASLADO VIA TERRESTRE,816,true,true,11/02/2026,12/02/2026,ENTREGADO,,,,
,2026,1,,,,,,3721,01-67,SEGURIDAD PUBLICA,GASTOS  DE TRASLADO VIA TERRESTRE,816,true,true,11/02/2026,12/02/2026,ENTREGADO,,,,
,2026,1,,,,,,2222,01-68,SEGURIDAD PUBLICA,PRODUCTOS ALIMENTICIOS PARA ANIMALES,500000,true,false,11/02/2026,12/02/2026,ENTREGADO,,,,
,2026,1,,,,,,2222,01-68  D-01,SEGURIDAD PUBLICA,PRODUCTOS ALIMENTICIOS PARA ANIMALES,165073.8,false,true,03/03/2026,04/03/2026,ENTREGADO,,,,
,2026,1,,,,,,3721,01-69,SEGURIDAD PUBLICA,GASTOS  DE TRASLADO VIA TERRESTRE,524,true,true,11/02/2026,12/02/2026,ENTREGADO,,,,
,2026,1,,,,,,2461,01-70,SERVICIOS PUBLICOS,MATERIAL ELECTRICO Y ELECTRONICO,199230.58,true,true,27/02/2026,04/03/2026,ENTREGADO,CLAUDIA,,,
,2026,1,,,,,,3611,01-71,TESOTERIA                                           (INGRESOS),GASTOS DE PUBLICIDAD Y PROPAGANDA,382217.68,true,true,12/03/2026,12/03/2026,ENTREGADO,35,,,
,2026,2,,,,,,3112,02-01,SERVICIOS PUBLICOS,SERVICIO DE ENERGIA ELECTRICA PARA ALUMBRADO PUBLICO,281348,true,true,03/02/2026,04/02/2026,ENTREGADO,,,,
,2026,2,,,,,,4411,02-02,BIENESTAR,COOPERACIONES Y AYUDAS,482560,true,true,04/02/2025,04/02/2026,ENTREGADO,,,,
,2026,2,,,,,,4411,02-03,BIENESTAR,COOPERACIONES Y AYUDAS,2002,true,true,04/02/2025,04/02/2026,ENTREGADO,CRISTINA,,,
,2026,2,,,,,,2411,02-04,ADMINISTRACION,PRODUCTOS MINERALES NO METALICOS                                                                   2461 MATERIAL ELECTRICO Y ELECTRONICO                                                                                       2471 ART. METALICOS PARA CONSTRUCCION                                                    2491 MATERIALES DE CONSTRUCCION,463092.88,true,false,09/02/2026,09/02/2026,ENTREGADO,,,,
,2026,2,,,,,,2411,02-04  D-01,ADMINISTRACION,PRODUCTOS MINERALES NO METALICOS                                                                   2461 MATERIAL ELECTRICO Y ELECTRONICO                                                                                       2471 ART. METALICOS PARA CONSTRUCCION                                                    ,270899.72,false,true,09/02/2026,09/02/2026,ENTREGADO,,,,
,2026,2,,,,,,2491,02-04  D-02,ADMINISTRACION,MATERIALES DE CONSTRUCCION,192193.16,false,true,09/02/2026,09/02/2026,ENTREGADO,,,,
,2026,2,,,,,,5111,02-05,ADMINISTRACION,MUEBLES Y ENSERES,317381.8,true,true,09/02/2026,09/02/2026,ENTREGADO,,,,
,2026,2,,,,,,5111,02-06,ADMINISTRACION,MUEBLES Y ENSERES,316689.05,true,true,09/02/2026,09/02/2026,ENTREGADO,,,,
,2026,2,,,,,,1521,02-07,ADMINISTRACION,INDEMNIZACION POR ACCIDENTE DE TRABAJO,538324.77,true,true,09/02/2026,09/02/2026,ENTREGADO,,,,
,2026,2,,,,,,1322,02-08,ADMINISTRACION,AGUINALDO,7694.53,true,true,09/02/2026,09/02/2026,ENTREGADO,,,,
,2026,2,,,,,,1322,02-09,ADMINISTRACION,AGUINALDO,14008.74,true,true,09/02/2026,09/02/2026,ENTREGADO,,,,
,2026,2,,,,,,5151,02-10,TESORERIA MUNICIPAL                                 (TIC´S),"BIENES INFORMATICOS                                    2941 REFACCIONES Y ACCESORIOS PARA EQUIPO DE COMPUTO                               2461 MATERIAL ELECTRICO Y ELECTRONICO                                                               2911 REFACCIONES, ACCESORIOS Y HERRAMIENTAS",190037,true,true,09/02/2026,09/02/2026,CANCELADO,,,,
,2026,2,,,,,,2141,02-11,TESORERIA MUNICIPAL                                 (TIC´S),MATERIALES Y UTILES PARA EL PROCESAMIENTO EN EQUIPOS Y BIENES INFORMATICOS,22585.2,true,true,09/02/2026,09/02/2026,ENTREGADO,,,,
,2026,2,,,,,,2141,02-12,TESORERIA MUNICIPAL                                 (TIC´S),MATERIALES Y UTILES PARA EL PROCESAMIENTO EN EQUIPOS Y BIENES INFORMATICOS,22225.6,true,true,09/02/2026,09/02/2026,ENTREGADO,,,,
,2026,2,,,,,,3171,02-13,TESORERIA MUNICIPAL                                 (TIC´S),SERVICIOS DE ACCESO A INTERNET,37932,true,true,09/02/2026,09/02/2026,CANCELADO,,,,
,2026,2,,,,,,2611,02-14,SERVICIOS PUBLICOS,"COMBUSTIBLES, LUBRICANTES Y ADITIVOS",102248.43,true,true,09/02/2026,09/02/2026,CANCELADO,,,,
,2026,2,,,,,,2961,02-15,SERVICIOS PUBLICOS,REFACCIONES Y ACCESORIOS MENORES PARA EQUIPO DE TRANSPORTE,7045195.04,true,true,09/02/2026,09/02/2026,ENTREGADO,,,,
,2026,2,,,,,,2961,02-16,SERVICIOS PUBLICOS,REFACCIONES Y ACCESORIOS MENORES PARA EQUIPO DE TRANSPORTE,13224,true,true,09/02/2026,09/02/2026,ENTREGADO,,,,
,2026,2,,,,,,2911,02-17,SERVICIOS PUBLICOS,"REFACCIONES, ACCESORIOS Y HERRAMIENTAS",50012.24,true,true,09/02/2026,09/02/2026,ENTREGADO,,,,
,2026,2,,,,,,5911,02-18,SECRETARIA DEL H.AYUNTAMIENTO,SOFWARE,578619.8,true,true,09/02/2026,09/02/2026,ENTREGADO,,,,
,2026,2,,,,,,3941,02-19,CONSEJERIA JURIDICA,SENTENCIAS Y RESOLUCIONES JUDICIALES,72570.36,true,true,09/02/2026,09/02/2026,ENTREGADO,,,,
,2026,2,,,,,,4411,02-20,EDUCACION,COOPERACIONES Y AYUDAS,42750,true,true,09/02/2026,09/02/2026,ENTREGADO,,,,
,2026,2,,,,,,2992,02-21,TESORERIA MUNICIPAL                                 (COORDINACION TESORERIA),OTROS ENSERES,22156,true,true,10/02/2026,11/02/2025,ENTREGADO,,,,
,2026,2,,,,,,2491,02-22,TESORERIA MUNICIPAL                                 (COORDINACION TESORERIA),MATERIALES DE CONSTRUCCION,10052.86,true,true,10/02/2026,11/02/2025,ENTREGADO,,,,
,2026,2,,,,,,2992,02-23,TESORERIA MUNICIPAL                                 (COORDINACION TESORERIA),OTROS ENSERES                                                          5111 MUEBLES Y ENSERES,78450.8,true,true,10/02/2026,11/02/2025,ENTREGADO,,,,
,2026,2,,,,,,2961,02-24,TESORERIA MUNICIPAL                                 (COORDINACION TESORERIA),REFACCIONES Y ACCESORIOS MENORES PARA EQUIPO DE TRANSPORTE,3897.6,true,true,10/02/2026,11/02/2025,ENTREGADO,,,,
,2026,2,,,,,,3112,02-25,SERVICIOS PUBLICOS,SERVICIO DE ENERGIA ELECTRICA PARA ALUMBRADO PÚBLICO,17592191,true,true,11/02/2026,12/02/2025,ENTREGADO,,,,
,2026,2,,,,,,3112,02-26,SERVICIOS PUBLICOS,SERVICIO DE ENERGIA ELECTRICA PARA ALUMBRADO PÚBLICO,368917.83,true,true,11/02/2026,12/02/2025,ENTREGADO,,,,
,2026,2,,,,,,3611,02-27,COUNICACION                SOCIAL,GASTOS DE PUBLICIDAD Y PROPAGANDA,11600,true,true,11/02/2026,12/02/2025,ENTREGADO,,,,
,2026,2,,,,,,3611,02-28,COUNICACION                SOCIAL,GASTOS DE PUBLICIDAD Y PROPAGANDA,23200,true,true,11/02/2026,12/02/2025,ENTREGADO,,,,
,2026,2,,,,,,3611,02-29,COUNICACION                SOCIAL,GASTOS DE PUBLICIDAD Y PROPAGANDA,26680,true,true,11/02/2026,12/02/2025,ENTREGADO,,,,
,2026,2,,,,,,3611,02-30,COUNICACION                SOCIAL,GASTOS DE PUBLICIDAD Y PROPAGANDA,104400,true,true,11/02/2026,12/02/2025,ENTREGADO,,,,
,2026,2,,,,,,3611,02-31,COUNICACION                SOCIAL,GASTOS DE PUBLICIDAD Y PROPAGANDA,104400,true,true,11/02/2026,12/02/2025,ENTREGADO,,,,
,2026,2,,,,,,3611,02-32,COUNICACION                SOCIAL,GASTOS DE PUBLICIDAD Y PROPAGANDA,34800,true,true,11/02/2026,12/02/2025,ENTREGADO,,,,
,2026,2,,,,,,3611,02-33,COUNICACION                SOCIAL,GASTOS DE PUBLICIDAD Y PROPAGANDA,58000,true,true,11/02/2026,12/02/2025,ENTREGADO,,,,
,2026,2,,,,,,3611,02-34,COUNICACION                SOCIAL,GASTOS DE PUBLICIDAD Y PROPAGANDA,5800,true,true,11/02/2026,12/02/2025,ENTREGADO,,,,
,2026,2,,,,,,3611,02-35,COUNICACION                SOCIAL,GASTOS DE PUBLICIDAD Y PROPAGANDA,23200,true,true,11/02/2026,12/02/2025,ENTREGADO,,,,
,2026,2,,,,,,3611,02-36,COUNICACION                SOCIAL,GASTOS DE PUBLICIDAD Y PROPAGANDA,17400,true,true,11/02/2026,12/02/2025,ENTREGADO,,,,
,2026,2,,,,,,3611,02-37,COUNICACION                SOCIAL,GASTOS DE PUBLICIDAD Y PROPAGANDA,25000,true,true,11/02/2026,12/02/2025,ENTREGADO,,,,
,2026,2,,,,,,3611,02-38,COUNICACION                SOCIAL,GASTOS DE PUBLICIDAD Y PROPAGANDA,23200,true,true,11/02/2026,12/02/2025,ENTREGADO,,,,
,2026,2,,,,,,3611,02-39,COUNICACION                SOCIAL,GASTOS DE PUBLICIDAD Y PROPAGANDA,15000,true,true,11/02/2026,12/02/2025,ENTREGADO,,,,
,2026,2,,,,,,3611,02-40,COUNICACION                SOCIAL,GASTOS DE PUBLICIDAD Y PROPAGANDA,149999.99,true,true,11/02/2026,12/02/2025,ENTREGADO,,,,
,2026,2,,,,,,3611,02-41,COUNICACION                SOCIAL,GASTOS DE PUBLICIDAD Y PROPAGANDA,11600,true,true,11/02/2026,12/02/2025,ENTREGADO,,,,
,2026,2,,,,,,3611,02-42,COUNICACION                SOCIAL,GASTOS DE PUBLICIDAD Y PROPAGANDA,15000,true,true,11/02/2026,12/02/2025,ENTREGADO,,,,
,2026,2,,,,,,3611,02-43,COUNICACION                SOCIAL,GASTOS DE PUBLICIDAD Y PROPAGANDA,17400,true,true,11/02/2026,12/02/2025,ENTREGADO,,,,
,2026,2,,,,,,3611,02-44,COUNICACION                SOCIAL,GASTOS DE PUBLICIDAD Y PROPAGANDA,17400,true,true,11/02/2026,12/02/2025,ENTREGADO,,,,
,2026,2,,,,,,3611,02-45,COUNICACION                SOCIAL,GASTOS DE PUBLICIDAD Y PROPAGANDA,174000,true,true,11/02/2026,12/02/2025,ENTREGADO,,,,
,2026,2,,,,,,3611,02-46,COUNICACION                SOCIAL,GASTOS DE PUBLICIDAD Y PROPAGANDA,46400,true,true,11/02/2026,12/02/2025,ENTREGADO,,,,
,2026,2,,,,,,3611,02-47,COUNICACION                SOCIAL,GASTOS DE PUBLICIDAD Y PROPAGANDA,35000,true,true,11/02/2026,12/02/2025,ENTREGADO,,,,
,2026,2,,,,,,3611,02-48,COUNICACION                SOCIAL,GASTOS DE PUBLICIDAD Y PROPAGANDA,14000.04,true,true,11/02/2026,12/02/2025,ENTREGADO,,,,
,2026,2,,,,,,3611,02-49,COUNICACION                SOCIAL,GASTOS DE PUBLICIDAD Y PROPAGANDA,34425,true,true,11/02/2026,12/02/2025,ENTREGADO,,,,
,2026,2,,,,,,3611,02-50,COUNICACION                SOCIAL,GASTOS DE PUBLICIDAD Y PROPAGANDA,23200,true,true,11/02/2026,12/02/2025,ENTREGADO,,,,
,2026,2,,,,,,3611,02-51,COUNICACION                SOCIAL,GASTOS DE PUBLICIDAD Y PROPAGANDA,7400,true,true,11/02/2026,12/02/2025,ENTREGADO,,,,
,2026,2,,,,,,3611,02-52,COUNICACION                SOCIAL,GASTOS DE PUBLICIDAD Y PROPAGANDA,10000,true,true,11/02/2026,12/02/2025,ENTREGADO,,,,
,2026,2,,,,,,3611,02-53,COUNICACION                SOCIAL,GASTOS DE PUBLICIDAD Y PROPAGANDA,20000,true,true,11/02/2026,12/02/2025,ENTREGADO,,,,
,2026,2,,,,,,3611,02-54,COUNICACION                SOCIAL,GASTOS DE PUBLICIDAD Y PROPAGANDA,15000,true,true,11/02/2026,12/02/2025,ENTREGADO,,,,
,2026,2,,,,,,3611,02-55,COUNICACION                SOCIAL,GASTOS DE PUBLICIDAD Y PROPAGANDA,40600,true,true,11/02/2026,12/02/2025,ENTREGADO,,,,
,2026,2,,,,,,3611,02-56,COUNICACION                SOCIAL,GASTOS DE PUBLICIDAD Y PROPAGANDA,34800,true,true,11/02/2026,12/02/2025,ENTREGADO,,,,
,2026,2,,,,,,3611,02-57,COUNICACION                SOCIAL,GASTOS DE PUBLICIDAD Y PROPAGANDA,34800,true,true,11/02/2026,12/02/2025,ENTREGADO,,,,
,2026,2,,,,,,3611,02-58,COUNICACION                SOCIAL,GASTOS DE PUBLICIDAD Y PROPAGANDA,18560,true,true,11/02/2026,12/02/2025,ENTREGADO,,,,
,2026,2,,,,,,3611,02-59,COUNICACION                SOCIAL,GASTOS DE PUBLICIDAD Y PROPAGANDA,8000,true,true,11/02/2026,12/02/2025,ENTREGADO,,,,
,2026,2,,,,,,3611,02-60,COUNICACION                SOCIAL,GASTOS DE PUBLICIDAD Y PROPAGANDA,11600,true,true,11/02/2026,12/02/2025,ENTREGADO,,,,
,2026,2,,,,,,3611,02-61,COUNICACION                SOCIAL,GASTOS DE PUBLICIDAD Y PROPAGANDA,34800,true,true,11/02/2026,12/02/2025,ENTREGADO,,,,
,2026,2,,,,,,2211,02-62,SALUD,PRODUCTOS ALIMENTICIOS PARA PERSONAS,14883.48,true,true,11/02/2026,12/02/2025,ENTREGADO,,,,
,2026,2,,,,,,2222,02-63,SALUD,PRODUCTOS ALIMENTICIOS PARA ANIMALES                                (ENERO),73996.4,true,true,11/02/2026,12/02/2025,ENTREGADO,,,,
,2026,2,,,,,,2222,02-64,SALUD,PRODUCTOS ALIMENTICIOS PARA ANIMALES                                (FEBRERO),73996.4,true,true,11/02/2026,12/02/2025,ENTREGADO,,,,
,2026,2,,,,,,2112,02-65,SECRETARIA DEL H.AYUNTAMIENTO,ENSERES DE OFICINA,10353,true,true,11/02/2026,12/02/2025,ENTREGADO,,,,
,2026,2,,,,,,2561,02-66,SECRETARIA DE INNOVACION,"FIBRAS SINTETICAS, HULES, PLASTICOS Y DERIVADOS                                       2911 REFACCIONES, ACCESORIOS Y HERRAMIENTAS",2052.04,true,true,11/02/2026,12/02/2025,ENTREGADO,,,,
,2026,2,,,,,,3721,02-67,SEGUIRIDAD PUBLICA,GASTOS DE TRASLADO POR VIA TERRESTRE,816,true,true,11/02/2026,12/02/2025,ENTREGADO,,,,
,2026,2,,,,,,3721,02-68,SEGUIRIDAD PUBLICA,GASTOS DE TRASLADO POR VIA TERRESTRE,816,true,true,11/02/2026,12/02/2025,ENTREGADO,,,,
,2026,2,,,,,,2721,02-69,SERVICIOS PUBLICOS,PRENDAS DE SEGURIDAD Y PROTECCION PERSONAL,86508.16,true,true,11/02/2026,12/02/2025,ENTREGADO,,,,
,2026,2,,,,,,2911,02-70,SERVICIOS PUBLICOS,"REFACCIONES, ACCESORIOS Y HERRAMIENTAS",5012.24,true,true,11/02/2026,12/02/2025,CANCELADO,,,,
,2026,2,,,,,,2911,02-71,SERVICIOS PUBLICOS,"REFACCIONES, ACCESORIOS Y HERRAMIENTAS",297772,true,true,11/02/2026,12/02/2025,CANCELADO,,,,
,2026,2,,,,,,1322,02-72,ADMINISTRACION  (RECURSO HUMANOS),AGUINALDO,8361,true,true,11/02/2026,12/02/2025,ENTREGADO,,,,
,2026,2,,,,,,1322,02-73,ADMINISTRACION  (RECURSO HUMANOS),AGUINALDO,10006.56,true,true,11/02/2026,12/02/2025,ENTREGADO,,,,
,2026,2,,,,,,1322,02-74,ADMINISTRACION  (RECURSO HUMANOS),AGUINALDO,11232.33,true,true,11/02/2026,12/02/2025,ENTREGADO,,,,
,2026,2,,,,,,1322,02-75,ADMINISTRACION  (RECURSO HUMANOS),AGUINALDO,14039.82,true,true,11/02/2026,12/02/2025,ENTREGADO,,,,
,2026,2,,,,,,1322,02-76,ADMINISTRACION  (RECURSO HUMANOS),AGUINALDO,11892.39,true,true,11/02/2026,12/02/2025,ENTREGADO,,,,
,2026,2,,,,,,1322,02-77,ADMINISTRACION  (RECURSO HUMANOS),AGUINALDO,8153.98,true,true,11/02/2026,12/02/2025,ENTREGADO,,,,
,2026,2,,,,,,1322,02-78,ADMINISTRACION  (RECURSO HUMANOS),AGUINALDO,7832.36,true,true,11/02/2026,12/02/2025,ENTREGADO,,,,
,2026,2,,,,,,1322,02-79,ADMINISTRACION  (RECURSO HUMANOS),AGUINALDO,12610.7,true,true,11/02/2026,12/02/2025,ENTREGADO,,,,
,2026,2,,,,,,1322,02-80,ADMINISTRACION  (RECURSO HUMANOS),AGUINALDO,5225.63,true,true,11/02/2026,12/02/2025,ENTREGADO,,,,
,2026,2,,,,,,1322,02-81,ADMINISTRACION  (RECURSO HUMANOS),AGUINALDO,9050.77,true,true,11/02/2026,12/02/2025,ENTREGADO,,,,
,2026,2,,,,,,1322,02-82,ADMINISTRACION  (RECURSO HUMANOS),AGUINALDO                                   1321 PRIMA VACACIONAL,8635.01,true,true,11/02/2026,12/02/2025,ENTREGADO,,,,
,2026,2,,,,,,1322,02-83,ADMINISTRACION  (RECURSO HUMANOS),AGUINALDO                                   1321 PRIMA VACACIONAL,7392.3,true,true,11/02/2026,12/02/2025,ENTREGADO,,,,
,2026,2,,,,,,1322,02-84,ADMINISTRACION  (RECURSO HUMANOS),AGUINALDO                                   1321 PRIMA VACACIONAL,11527.02,true,true,11/02/2026,12/02/2025,ENTREGADO,,,,
,2026,2,,,,,,1322,02-85,ADMINISTRACION  (RECURSO HUMANOS),AGUINALDO                                   1321 PRIMA VACACIONAL,8829.82,true,true,11/02/2026,12/02/2025,ENTREGADO,,,,
,2026,2,,,,,,1322,02-86,ADMINISTRACION  (RECURSO HUMANOS),AGUINALDO                                   1321 PRIMA VACACIONAL,9114.52,true,true,11/02/2026,12/02/2025,ENTREGADO,,,,
,2026,2,,,,,,1322,02-87,ADMINISTRACION  (RECURSO HUMANOS),AGUINALDO                                   1321 PRIMA VACACIONAL,12313.71,true,true,11/02/2026,12/02/2025,ENTREGADO,,,,
,2026,2,,,,,,1441,02-88,ADMINISTRACION  (RECURSO HUMANOS),SEGUROS Y FIANZAS,250000,true,true,11/02/2026,12/02/2025,ENTREGADO,,,,
,2026,2,,,,,,3941,02-89,CONSEJERIA JURIDICA,SENTENCIAS Y RESOLUCIONES JUDICIALES,1000000,true,true,11/02/2026,12/02/2025,ENTREGADO,,,,
,2026,2,,,,,,3941,02-90,CONSEJERIA JURIDICA,SENTENCIAS Y RESOLUCIONES JUDICIALES,112366,true,true,11/02/2026,12/02/2025,ENTREGADO,,,,
,2026,2,,,,,,3941,02-91,CONSEJERIA JURIDICA,SENTENCIAS Y RESOLUCIONES JUDICIALES,4373066,true,false,11/02/2026,12/02/2025,ENTREGADO,,,,
,2026,2,,,,,,3941,02-91  D-01,CONSEJERIA JURIDICA,SENTENCIAS Y RESOLUCIONES JUDICIALES,546633.25,false,true,11/02/2026,12/02/2025,ENTREGADO,,,,
,2026,2,,,,,,3941,02-91  D-02,CONSEJERIA JURIDICA,SENTENCIAS Y RESOLUCIONES JUDICIALES,546633.25,false,true,13/03/2026,17/03/2026,ENTREGADO,,,,
,2026,2,,,,,,3941,02-92,TESORERIA                                                   ( JURIDICO DE TESORERIA),SENTENCIAS Y RESOLUCIONES JUDICIALES,651,true,true,11/02/2026,12/02/2025,ENTREGADO,,,,
,2026,2,,,,,,3941,02-93,TESORERIA                                                   ( JURIDICO DE TESORERIA),SENTENCIAS Y RESOLUCIONES JUDICIALES,4000,true,true,11/02/2026,12/02/2025,ENTREGADO,,,,
,2026,2,,,,,,3941,02-94,TESORERIA                                                   ( JURIDICO DE TESORERIA),SENTENCIAS Y RESOLUCIONES JUDICIALES,480,true,true,11/02/2026,12/02/2025,ENTREGADO,,,,
,2026,2,,,,,,3941,02-95,TESORERIA                                                   ( JURIDICO DE TESORERIA),SENTENCIAS Y RESOLUCIONES JUDICIALES,1500,true,true,11/02/2026,12/02/2025,ENTREGADO,,,,
,2026,2,,,,,,3941,02-96,TESORERIA                                                   ( JURIDICO DE TESORERIA),SENTENCIAS Y RESOLUCIONES JUDICIALES,241097.29,true,true,11/02/2026,12/02/2025,ENTREGADO,,,,
,2026,2,,,,,,5151,02-97,TESORERIA                                                   ( TIC¨S),BIENES INFORMATICOS                                                          2941 REFACCIONES ACCESORIOS PARA EQUIPO DE COMPUTO                                         2461 MATERIAL ELECTRICO Y ELECTRONICO,131758.6,true,true,11/02/2026,12/02/2025,ENTREGADO,,,,
,2026,2,,,,,,3171,02-98,TESORERIA                                                   ( TIC¨S),SERVICIOS DE ACCESO A INTERNET,455184,true,true,11/02/2026,12/02/2025,ENTREGADO,,,,
,2026,2,,,,,,3121,02-99,OBRAS PUBLICAS,GAS,2099925,true,true,11/02/2026,12/02/2025,CANCELADO,,,,
,2026,2,,,,,,2981,02-100,OBRAS PUBLICAS,REFACCIONES Y ACCESORIOS MENORES DE MAQUINARIA Y OTROS EQUIPOS,149882.5,true,true,11/02/2026,12/02/2025,ENTREGADO,,,,
,2026,2,,,,,,2981,02-101,OBRAS PUBLICAS,REFACCIONES Y ACCESORIOS MENORES DE MAQUINARIA Y OTROS EQUIPOS,50433.76,true,true,11/02/2026,12/02/2025,ENTREGADO,,,,
,2026,2,,,,,,2611,02-102,OBRAS PUBLICAS,"COMBUSTIBLES, LUBRICANTES Y ADITIVOS",99392.31,true,true,11/02/2026,12/02/2025,ENTREGADO,,,,
,2026,2,,,,,,,02-103,ADMINISTRACION  ,PARTIDAS,311395.28,true,true,11/02/2026,12/02/2025,ENTREGADO,,,,
,2026,2,,,,,,2441,02-103  D-01,ADMINISTRACION  ,M ADERA Y PRODUCTOS DE MADERA                                                                               2461 MATERIAL ELECTRICO Y ELECTRONICO,64283.28,false,true,11/02/2026,12/02/2025,ENTREGADO,,,,
,2026,2,,,,,,2471,02-103  D-02,ADMINISTRACION  ,ARTICULOS METALICOS PARA CONSTRUCCION,24975.79,false,true,11/02/2026,12/02/2025,ENTREGADO,,,,
,2026,2,,,,,,2491,02-103  D-03,ADMINISTRACION  ,MATERIALES DE CONSTRUCCION,23802.97,false,true,11/02/2026,12/02/2025,ENTREGADO,,,,
,2026,2,,,,,,2491,02-103  D-04,ADMINISTRACION  ,MATERIALES DE CONSTRUCCION,166931.13,false,true,11/02/2026,12/02/2025,ENTREGADO,,,,
,2026,2,,,,,,,02-103  D-05,ADMINISTRACION  ,PARTIDAS,31402.13,false,true,11/02/2026,12/02/2025,ENTREGADO,,,,
,2026,2,,,,,,3261,02-104,ADMINISTRACION  ,ARRENDAMIENTO DE MAQUINARIA Y EQUIPO,116907.12,true,true,11/02/2026,12/02/2025,ENTREGADO,,,,
,2026,2,,,,,,3611,02-105,COMUNICACION                SOCIAL,GASTOS DE PUBLICIDAD Y PROPAGANDA,50000,true,true,16/02/2026,17/02/2025,ENTREGADO,,,,
,2026,2,,,,,,3121,02-106,OBRAS PUBLICAS,GAS,4099929.6,true,true,17/02/2025,18/02/2025,ENTREGADO,,,,
,2026,2,,,,,,3341,02-107,TESORERIA MUNICIPAL                                 (COORDINACION TESORERIA),CAPACITACION,976,true,true,20/02/2026,20/02/2026,ENTREGADO,,,,
,2026,2,,,,,,3341,02-108,TESORERIA MUNICIPAL                                 (COORDINACION TESORERIA),CAPACITACION,976,true,true,20/02/2026,20/02/2026,ENTREGADO,,,,
,2026,2,,,,,,5111,02-109,ADMINISTRACION,MUEBLES Y ENSERES,334511.98,true,true,26/02/2026,27/02/2026,ENTREGADO,,,,
,2026,2,,,,,,3551,02-110,PROTECCION CIVIL,"REPARACION Y MTTO. DE VEHICULOS TERRESTRES, AEREOS Y LACUSTRES",157910.8,true,true,26/02/2026,27/02/2026,ENTREGADO,,,,
,2026,2,,,,,,2611,02-111,SERVICIOS PUBLICOS,"COMBUSTIBLES,  LUBRICANTES Y ADITIVOS",102248.43,true,true,26/02/2026,27/02/2026,ENTREGADO,,,,
,2026,2,,,,,,1522,02-112,CONSEJERIA JURIDICA,"LIQUIDACIONES POR INDEMNIZACIONES, POR SUELDOS Y SALARIOS CAIDOS",14718.0.43,true,true,27/02/2026,27/02/2026,ENTREGADO,,,,
,2026,2,,,,,,3451,02-113,TESORERIA MUNICIPAL                                 (COORDINACION TESORERIA),SEGUROSY FIANZAS,2071527.01,true,true,03/03/2026,04/03/2026,ENTREGADO,CLAUDIA,,,
,2026,2,,,,,,3391,02-114,OBRAS PUBLICAS,SERVICIOS PROFECIONALES,46400,true,true,03/03/2026,04/03/2026,ENTREGADO,,,,
,2026,2,,,,,,3391,02-115,OBRAS PUBLICAS,SERVICIOS PROFECIONALES,69600,true,true,03/03/2026,04/03/2026,ENTREGADO,,,,
,2026,2,,,,,,3391,02-116,OBRAS PUBLICAS,SERVICIOS PROFECIONALES,85200,true,true,03/03/2026,04/03/2026,ENTREGADO,,,,
,2026,2,,,,,,4394,02-117,OBRAS PUBLICAS,OTROS SUBSIDIOS,1046500,true,true,03/03/2026,04/03/2026,ENTREGADO,,,,
,2026,2,,,,,,1522,02-118,CONSEJERIA JURIDICA,"LIQUIDACIONES POR INDEMNIZACIONES, POR SUELDOS Y SALARIOS CAIDOS",343966.72,true,true,04/03/2026,04/03/2026,ENTREGADO,,,,
,2026,2,,,,,,3941,02-119,CONSEJERIA JURIDICA,SENTENCIAS Y RESOLUCIONES JUDICIALES,8331234.28,true,false,04/03/2026,04/03/2026,CANCELADO,,,,
,2026,2,,,,,,3941,02-119  D-01,CONSEJERIA JURIDICA,SENTENCIAS Y RESOLUCIONES JUDICIALES,555415.61,false,true,04/03/2026,04/03/2026,CANCELADO,,,,
,2026,2,,,,,,2211,02-120,ADMINISTRACION,PRODUCTOS ALIMENTICIOS PARA PERSONAS,580000,true,false,04/03/2026,04/03/2026,ENTREGADO,,,,
,2026,2,,,,,,2211,02-120  D-01,ADMINISTRACION,PRODUCTOS ALIMENTICIOS PARA PERSONAS,69420.65,false,true,04/03/2026,04/03/2026,ENTREGADO,,,,
,2026,2,,,,,,3822,02-121,ADMINISTRACION,ESPECTACULOS CIVICOS Y CULTURALES,231025.6,true,true,04/03/2026,04/03/2026,ENTREGADO,,,,
,2026,2,,,,,,4411,02-122,BIENESTAR,COOPERACIONES Y AYUDAS,26800,true,true,05/03/2026,05/03/2026,ENTREGADO,,,,
,2026,2,,,,,,4411,02-123,BIENESTAR,COOPERACIONES Y AYUDAS,4500,true,true,05/03/2026,05/03/2026,ENTREGADO,,,,
,2026,2,,,,,,4411,02-124,BIENESTAR,COOPERACIONES Y AYUDAS,20000,true,true,05/03/2026,05/03/2026,ENTREGADO,,,,
,2026,2,,,,,,4411,02-125,BIENESTAR,COOPERACIONES Y AYUDAS,2000,true,true,05/03/2026,05/03/2026,ENTREGADO,,,,
,2026,2,,,,,,4411,02-126,BIENESTAR,COOPERACIONES Y AYUDAS,2000,true,true,05/03/2026,05/03/2026,ENTREGADO,,,,
,2026,2,,,,,,3721,02-127,SEGURIDAD PUBLICA,GASTOS DE TRASLADO POR                               VIA TERRESTRE                                    (10/02/2026),816,true,true,05/03/2026,05/03/2026,ENTREGADO,,,,
,2026,2,,,,,,3721,02-128,SEGURIDAD PUBLICA,GASTOS DE TRASLADO POR                               VIA TERRESTRE                                    (05/02/2026),816,true,true,05/03/2026,05/03/2026,ENTREGADO,,,,
,2026,2,,,,,,3721,02-129,SEGURIDAD PUBLICA,GASTOS DE TRASLADO POR                               VIA TERRESTRE                                    (09/02/2026),816,true,true,05/03/2026,05/03/2026,ENTREGADO,,,,
,2026,2,,,,,,3721,02-130,SEGURIDAD PUBLICA,GASTOS DE TRASLADO POR                               VIA TERRESTRE                                    (06/02/2026),816,true,true,05/03/2026,05/03/2026,ENTREGADO,,,,
,2026,2,,,,,,3941,02-131,CONSEJERIA JURIDICA,SENTENCIAS Y                             RESOLUCIONES JUDICIALES,639,true,true,05/03/2026,05/03/2026,ENTREGADO,,,,
,2026,2,,,,,,1522,02-132,CONSEJERIA JURIDICA,"LIQUIDACIONES POR INDEMNIZACIONES, POR SUELDOS Y SALARIOS CAIDOS",438340.07,true,true,05/03/2026,05/03/2026,ENTREGADO,,,,
,2026,2,,,,,,3941,02-133,JURIDICO DE TESORERIA,SENTENCIAS Y RESOLUCIONES JUDICIALES,13032,true,true,05/03/2026,05/03/2026,CANCELADO,,,,
,2026,2,,,,,,3941,02-134,JURIDICO DE TESORERIA,SENTENCIAS Y RESOLUCIONES JUDICIALES,100298.06,true,true,05/03/2026,05/03/2026,CANCELADO,,,,
,2026,2,,,,,,3941,02-135,JURIDICO DE TESORERIA,SENTENCIAS Y RESOLUCIONES JUDICIALES,5000,true,true,05/03/2026,05/03/2026,ENTREGADO,,,,
,2026,2,,,,,,2911,02-136,INSTITUTO DE LA JUVENTUD,"REFACCIONES Y ACCESORIOS Y HERRAMIENTAS                                                                           2941 REFACCIONES Y ACCESORIOS PARA EQUIPO DE COMPUTO                                                                         2541 MATERIALES, ACCESORIOS Y SUMINISTROS MEDICOS",35632.97,true,true,05/03/2026,05/03/2026,CANCELADO,,,,
,2026,2,,,,,,3311,02-137,CONTRALORIA,ASOCIADAS A CONVENIOS Y ACUERDOS,10000.01,true,true,05/03/2026,05/03/2026,ENTREGADO,,,,
,2026,2,,,,,,3311,02-138,CONTRALORIA,ASOCIADAS A CONVENIOS Y ACUERDOS,10000.01,true,true,05/03/2026,05/03/2026,ENTREGADO,,,,
,2026,2,,,,,,3311,02-139,CONTRALORIA,ASOCIADAS A CONVENIOS Y ACUERDOS,10000.48,true,true,05/03/2026,05/03/2026,ENTREGADO,,,,
,2026,2,,,,,,3821,02-140,SECRETARIA DEL H. AYUNTAMIENTO,GASTOS DE CEREMONIAS OFICIALES Y DE ORDEN SOCIAL,37120,true,true,05/03/2026,05/03/2026,ENTREGADO,,,,
,2026,2,,,,,,3611,02-141,COMUNICACIÓN SOCIAL,GASTOS DE PUBLICIDAD Y PROPAGANDA,118706.91,true,true,05/03/2026,05/03/2026,ENTREGADO,ALE,,,
,2026,2,,,,,,5321,02-142,SEGURIDAD PUBLICA,INSTRUMENTAL MEDICO Y DE LABORATORIO,100000,true,false,05/03/2026,05/03/2026,ENTREGADO,,,,
,2026,2,,,,,,5321,02-142  D-01,SEGURIDAD PUBLICA,INSTRUMENTAL MEDICO Y DE LABORATORIO,96047.59,false,true,05/03/2026,05/03/2026,ENTREGADO,,,,
,2026,2,,,,,,2711,02-143,INSTITUTO DE CULTURA,VESTUARIO Y UNIFORMES,107880,true,true,09/03/2026,10/03/2026,ENTREGADO,,,,
,2026,2,,,,,,3941,02-144,CONSEJERIA JURIDICA,SENTENCIAS Y RESOLUCIONES JUDICIALES,17748,true,true,09/03/2026,10/03/2026,ENTREGADO,ALE,,,
,2026,2,,,,,,3996,02-145,MEDIO AMBIENTE,SUBCINTRATACIONES DE SERVICIOS CON TERCEROS,974400,true,false,12/03/2026,17/03/2026,ENTREGADO,,,,
,2026,2,,,,,,3996,02-145  D-01,MEDIO AMBIENTE,SUBCINTRATACIONES DE SERVICIOS CON TERCEROS,81200,false,true,12/03/2026,17/03/2026,ENTREGADO,,,,
,2026,2,,,,,,3511,02-146,ADMINISTRACION,REPARACION Y MTTO. DE INMUEBLES,92800,true,true,13/03/2026,17/03/2026,ENTREGADO,,,,
,2026,2,,,,,,2492,02-147,MEDIO AMBIENTE,ESTRUCTURAS Y MANUFACTURAS PARA TODO TIPO DE CONSTRUCCION,791695.55,true,true,13/03/2026,17/03/2026,ENTREGADO,,,,
,2026,3,,,,,,3941,03-01,TESORERIA MUNICIPAL                                 (JURIDICO DE TESORERIA),SENTENCIAS Y RESOLUCIONES JUDICIALES,40612,true,true,04/03/2026,04/03/2026,ENTREGADO,,,,
,2026,3,,,,,,5151,03-02,TESORERIA                                                   ( TIC¨S),BIENES INFORMATICOS                                                                                                   2461 MATERIAL ELECTRICO Y ELECTRONICO,3197.17,true,true,04/03/2026,04/03/2026,ENTREGADO,,,,
,2026,3,,,,,,4411,03-03,BIENESTAR,COOPERACIONES Y AYUDAS,30000,true,true,05/03/2026,05/03/2026,ENTREGADO,,,,
,2026,3,,,,,,3941,03-04,CONSEJERIA JURIDICA,SENTENCIAS Y RESOLUCIONES JUDICIALES,555415.61,true,true,05/03/2026,05/03/2026,ENTREGADO,,,,
,2026,3,,,,,,3941,03-05,TESORERIA MUNICIPAL                                 (JURIDICO DE TESORERIA),SENTENCIAS Y RESOLUCIONES JUDICIALES,417716.63,true,true,05/03/2026,05/03/2026,ENTREGADO,,,,
,2026,3,,,,,,3112,03-06,SERVICIOS PUBLICOS,SERVICIO DE ENERGIA ELECTRICA PARA ALUMBRADO PUBLICO,339532.57,true,true,09/03/2026,10/03/2026,ENTREGADO,,,,
,2026,3,,,,,,2611,03-07,SERVICIOS PUBLICOS,"REFACCIONES, ACCESORIOS Y HERRAMIENTAS",71557.98,true,true,09/03/2026,10/03/2026,ENTREGADO,,,,
,2026,3,,,,,,3941,03-08,JURIDICO DE TESORERIA,SENTENCIAS Y RESOLUCIONES JUDICIALES,2171,true,true,09/03/2026,10/03/2026,ENTREGADO,,,,
,2026,3,,,,,,3941,03-09,CONSEJERIA JURIDICA,SENTENCIAS Y RESOLUCIONES JUDICIALES,1000000,true,true,09/03/2026,10/03/2026,ENTREGADO,,,,
,2026,3,,,,,,6155,03-10,OBRAS PUBLICAS,EJECUCION DE OBRAS POR ADMINISTRACION,127428415.4,true,false,09/03/2026,10/03/2026,ENTREGADO,,,,
,2026,3,,,,,,6155,03-11,OBRAS PUBLICAS,EJECUCION DE OBRAS POR ADMINISTRACION,209968386.2,true,false,09/03/2026,10/03/2026,ENTREGADO,,,,
,2026,3,,,,,,6155,03-12,OBRAS PUBLICAS,EJECUCION DE OBRAS POR ADMINISTRACION,59999973.4,true,false,09/03/2026,10/03/2026,ENTREGADO,,,,
,2026,3,,,,,,6155,03-13,OBRAS PUBLICAS,EJECUCION DE OBRAS POR ADMINISTRACION,72999983.78,true,false,09/03/2026,10/03/2026,ENTREGADO,,,,
,2026,3,,,,,,3112,03-14,SERVICIOS PUBLICOS,SERVICIO DE ENERGIA ELECTRICA PARA ALUMBRADO PUBLICO,15744224,true,true,11/03/2026,12/03/2026,ENTREGADO,,,,
,2026,3,,,,,,3941,03-15,JURIDICO DE TESORERIA,SENTENCIAS Y RESOLUCIONES JUDICIALES,100298.06,true,true,11/03/2026,11/03/2026,ENTREGADO,,,,
,2026,3,,,,,,3941,03-16,JURIDICO DE TESORERIA,SENTENCIAS Y RESOLUCIONES JUDICIALES,13032,true,true,11/03/2026,11/03/2026,ENTREGADO,,,,
,2026,3,,,,,,1522,03-17,CONSEJERIA JURIDICA,"LIQUIDACIONES POR INDEMNIZACIONES, POR SUELDOS Y SALARIOS CAIDOS",438340.07,true,true,12/03/2026,17/03/2026,ENTREGADO,,,,
,2026,3,,,,,,1322,03-18,ADMINISTRACION,AGUINALDO,3723.79,true,true,13/03/2026,17/03/2026,ENTREGADO,,,,
,2026,3,,,,,,1322,03-19,ADMINISTRACION,AGUINALDO,10548.21,true,true,13/03/2026,17/03/2026,ENTREGADO,,,,
,2026,3,,,,,,1322,03-20,ADMINISTRACION,AGUINALDO,10024.04,true,true,13/03/2026,17/03/2026,ENTREGADO,,,,
,2026,3,,,,,,1322,03-21,ADMINISTRACION,AGUINALDO,2025.39,true,true,13/03/2026,17/03/2026,ENTREGADO,,,,
,2026,3,,,,,,1322,03-22,ADMINISTRACION,AGUINALDO,2061.19,true,true,13/03/2026,17/03/2026,ENTREGADO,,,,
,2026,3,,,,,,1322,03-23,ADMINISTRACION,AGUINALDO,10906.6,true,true,13/03/2026,17/03/2026,ENTREGADO,,,,
,2026,3,,,,,,1322,03-24,ADMINISTRACION,AGUINALDO,2158.92,true,true,13/03/2026,17/03/2026,ENTREGADO,,,,
,2026,3,,,,,,1322,03-25,ADMINISTRACION,AGUINALDO,600.44,true,true,13/03/2026,17/03/2026,ENTREGADO,,,,
,2026,3,,,,,,2451,03-26,ADMINISTRACION,VIDRIO Y PRODUCTOS DE VIDRIO,31088,true,true,13/03/2026,17/03/2026,ENTREGADO,,,,
,2026,3,,,,,,3311,03-27,CONTRALORIA,ASESORIAS ASOCIADAS A CONVENIOS O ACUERDOS,10000.01,true,true,13/03/2026,17/03/2026,ENTREGADO,,,,
,2026,3,,,,,,3311,03-28,CONTRALORIA,ASESORIAS ASOCIADAS A CONVENIOS O ACUERDOS,10000.46,true,true,13/03/2026,17/03/2026,ENTREGADO,,,,
,2026,3,,,,,,3311,03-29,CONTRALORIA,ASESORIAS ASOCIADAS A CONVENIOS O ACUERDOS,10000,true,true,13/03/2026,17/03/2026,ENTREGADO,,,,
,2026,3,,,,,,2311,03-30,INSTITUTO DE LA MUJER,MATERIAS PRIMAS Y MATERIALES DE PRODUCCION,108784.22,true,true,13/03/2026,17/03/2026,ENTREGADO,,,,
,2026,3,,,,,,3171,03-31,TESORERIA                                                 (TIC´S),SERVICIOS DE ACCESO A INTERNET,237800,true,true,13/03/2026,17/03/2026,ENTREGADO,,,,
,2026,3,,,,,,2911,03-32,INSTITUTO DE LA JUVENTUD,"REFACCIONES Y ACCESORIOS Y HERRAMIENTAS                                                                           2941 REFACCIONES Y ACCESORIOS PARA EQUIPO DE COMPUTO                                                                         2541 MATERIALES, ACCESORIOS Y SUMINISTROS MEDICOS",35632.97,true,true,13/03/2026,17/03/2026,ENTREGADO,,,,
,2026,3,,,,,,2721,03-33,SERVICIOS PUBLICOS,PRENDAS DE SEGURIDAD Y PROTECCION DE PERSONAL,297772,true,true,13/03/2026,17/03/2026,ENTREGADO,,,,
,2026,3,,,,,,5151,03-34,TESORERIA                                                 (TIC´S),BIENES INFORMATICOS                                                                                                   2141 MATERIALES Y UTILES PARA EL PROCESAMIENTO EN EQUIPOS DE BIENES INFORMATICOS,190704,true,true,13/03/2026,17/03/2026,ENTREGADO,,,,
,2026,3,,,,,,5151,03-35,TESORERIA                                                 (TIC´S),BIENES INFORMATICOS                                                                                                   ,1435445.48,true,true,13/03/2026,17/03/2026,ENTREGADO,,,,
,2026,3,,,,,,3941,03-36,CONSEJERIA JURIDICA,SENTENCIAS Y RESOLUCIONES JUDICIALES,424581.29,true,true,13/03/2026,17/03/2026,ENTREGADO,,,,
,2026,3,,,,,,4391,03-37,SEGURIDAD PUBLICA,OTROS SUBSIDIOS,1038500,true,true,13/03/2026,17/03/2026,ENTREGADO,,,,
,2026,3,,,,,,1522,03-38,CONSEJERIA JURIDICA,"LIQUIDACIONES POR INDEMNIZACIONES, POR SUELDOS Y SALARIOS CAIDOS",343966.75,true,true,13/03/2026,17/03/2026,ENTREGADO,,,,
,2026,3,,,,,,1322,03-39,ADMINISTRACION,AGUINALDO                                                 1321 PRIMA VACACIONAL                                          1522 LIQUIDACION POR INDEMNIZACION POR SUELDOS Y SALARIOS CAIDOS,104471.28,true,true,13/03/2026,17/03/2026,ENTREGADO,,,,
,2026,3,,,,,,3941,03-40,JURIDICO DE TESORERIA,SENTENCIAS Y RESOLUCIONES JUDICIALES,5000,true,true,13/03/2026,13/03/2026,ENTREGADO,,,,
,2026,3,,,,,,1522,03-41,CONSEJERIA JURIDICA,"LIQUIDACIONES POR INDEMNIZACIONES, POR SUELDOS Y SALARIOS CAIDOS",188774.59,true,true,13/03/2026,17/03/2026,ENTREGADO,,,,
,2026,3,,,,,,1522,03-42,CONSEJERIA JURIDICA,"LIQUIDACIONES POR INDEMNIZACIONES, POR SUELDOS Y SALARIOS CAIDOS",343966.72,true,true,13/03/2026,17/03/2026,ENTREGADO,,,,
,2026,3,,,,,,4411,03-43,BIENESTAR,COOPERACIONES Y AYUDAS,7888,true,true,13/03/2026,18/03/2026,ENTREGADO,,,,
